Abarna,aa,Abarna@gmail.com,1234567890
Abinaya,bb,Abinayaa@gmail.com,1234567890
Abrana,cc,Abrana@gmail.com,1234567890
Adhi,dd,Adhidi@gmail.com,1234567890
Ajay,ff,Ajayyy@gmail.com,1234567890
Aravind,gg,AAravindh@gmail.com,1234567890
Aravith,hh,Aravith@gmail.com,1234567890
Ashwin,jj,Ashwin@gmail.com,1234567890
Bala,kk,Balaaa@gmail.com,1234567890
Buvaneh,ll,Buvanesh@gmail.com,1234567890
Chandru,mm,Chandru@gmail.com,1234567890
Chan,nn,Chanthini@gmail.com,1234567890
Chant,oo,Chantini@gmail.com,1234567890
Dhamo,dfghj,Dhamodharan@gmail.com,1234567890
Dharan,pp,DharaniPrasad@gmail.com,1234567890
Dharun,wert,Dharun@gmail.com,1234567890
Divia,uytr,Diviaaa@gmail.com,1234567890
Girish,jhg,Girish@gmail.com,1234567890
HariPr,rr,HariPrasadh@gmail.com,1234567890
Harini,poi,Harini@gmail.com,1234567890
Harith,ss,Harith@gmail.com,1234567890
Indhu,tt,Indhuuu@gmail.com,1234567890
Iniyal,uu,Iniyal@gmail.com,1234567890
Jaga,lkjhg,Jagaaa@gmail.com,1234567890
Jash,zxczx,Jashwanth@gmail.com,1234567890
Kalai,v,KalaiPriya@gmail.com,1234567890
Kowre,iouiu,Kowreesh@gmail.com,1234567890
Krithi,etwrery,Krithika@gmail.com,1234567890
Muthu,ww,MuthuRagul@gmail.com,1234567890
Nivitha,wete,Nivitha@gmail.com,1234567890
Pavan,xx,Pavaaan@gmail.com,1234567890
Prakash,gdfff,Prakash@gmail.com,1234567890
Prasha,yy,Prashanth@gmail.com,1234567890
Priya,Cit,PriyaVarshini@gmail.com,1234567890
Pruthvi,zzz,Pruthvi@gmail.com,1234567890
Rasika,tyyry,Rasika@gmail.com,1234567890
Reshma,fgfd,Reshma@gmail.com,1234567890
Rishya,cit,Rishya@gmail.com,1234567890
Rohit,dfgd,Rohiiiit@gmail.com,1234567890
RohitKa,dfgdf,RohitKanna@gmail.com,1234567890
Ruthsan,jh,Ruthsan@gmail.com,1234567890
Saju,try,SajuAntony@gmail.com,1234567890
Santhi,fa,Santhiya@gmail.com,1234567890
Sharath,ui,Sharath@gmail.com,1234567890
Simon,iop,SimonLeonard@gmail.com,1234567890
Smirthi,qwe,Smirthi@gmail.com,1234567890
Sridhar,yty,Sridhar@gmail.com,1234567890
Sriram,bnm,Sriram@gmail.com,1234567890
Suhas,gfh,Suhass@gmail.com,1234567890
Sushma,zcxv,Sushma@gmail.com,1234567890
Syed,mnb,Syeddd@gmail.com,1234567890
Tilak,lkj,Tiladdk@gmail.com,1234567890
Vignesh,oi,Vignesh@gmail.com,1234567890
Vikash,iooo,Vikashini@gmail.com,1234567890
Vika,tryy,Vikashini@gmail.com,1234567890
Yaazh,rrrr,Yaazhini@gmail.com,1234567890
